Link,"Name","Address","Location"
,"ASD Detailing","ON","dsa"
,"Locksmith Toronto (RESERVE +ASD)","ON","dsa"
,"Locksmith Etobicoke (RESERVE +ASD)","","dsa"
,"Pivotal Minds Asd Treatment Centre Inc","37 Jacob Keffer Pky, Vaughan, ON L4K 5N8 ","dsa"
http://www.locksmithscarborough.ca/,"Locksmith Scarborough (RESERVE +ASD)","2701 Warden Ave, Scarborough, ON M1W 2G8 ","dsa"
,"Asd Advanced Software","15 Allstate Pky, Markham, ON L3R 5B4 ","dsa"
,"ASD Security Inc","54 Levendale Rd, Richmond Hill, ON L4C 4H2 ","dsa"
,"ASD Towing","ON","dsa"
,"ASD Detailing","ON","dsa"
,"Locksmith Toronto (RESERVE +ASD)","ON","dsa"
,"Locksmith Etobicoke (RESERVE +ASD)","","dsa"
,"Pivotal Minds Asd Treatment Centre Inc","37 Jacob Keffer Pky, Vaughan, ON L4K 5N8 ","dsa"
http://www.locksmithscarborough.ca/,"Locksmith Scarborough (RESERVE +ASD)","2701 Warden Ave, Scarborough, ON M1W 2G8 ","dsa"
,"Asd Advanced Software","15 Allstate Pky, Markham, ON L3R 5B4 ","dsa"
,"ASD Security Inc","54 Levendale Rd, Richmond Hill, ON L4C 4H2 ","dsa"
,"ASD Towing","ON","dsa"
,"ASD Detailing","ON","dsa"
,"Locksmith Toronto (RESERVE +ASD)","ON","dsa"
,"Locksmith Etobicoke (RESERVE +ASD)","","dsa"
,"Pivotal Minds Asd Treatment Centre Inc","37 Jacob Keffer Pky, Vaughan, ON L4K 5N8 ","dsa"
http://www.locksmithscarborough.ca/,"Locksmith Scarborough (RESERVE +ASD)","2701 Warden Ave, Scarborough, ON M1W 2G8 ","dsa"
,"Asd Advanced Software","15 Allstate Pky, Markham, ON L3R 5B4 ","dsa"
,"ASD Security Inc","54 Levendale Rd, Richmond Hill, ON L4C 4H2 ","dsa"
,"ASD Towing","ON","dsa"
,"ASD Detailing","ON","dsa"
,"Locksmith Toronto (RESERVE +ASD)","ON","dsa"
,"Locksmith Etobicoke (RESERVE +ASD)","","dsa"
,"Pivotal Minds Asd Treatment Centre Inc","37 Jacob Keffer Pky, Vaughan, ON L4K 5N8 ","dsa"
http://www.locksmithscarborough.ca/,"Locksmith Scarborough (RESERVE +ASD)","2701 Warden Ave, Scarborough, ON M1W 2G8 ","dsa"
,"Asd Advanced Software","15 Allstate Pky, Markham, ON L3R 5B4 ","dsa"
,"ASD Security Inc","54 Levendale Rd, Richmond Hill, ON L4C 4H2 ","dsa"
,"ASD Towing","ON","dsa"
,"ASD Detailing","ON","dsa"
,"Locksmith Toronto (RESERVE +ASD)","ON","dsa"
,"Locksmith Etobicoke (RESERVE +ASD)","","dsa"
,"Pivotal Minds Asd Treatment Centre Inc","37 Jacob Keffer Pky, Vaughan, ON L4K 5N8 ","dsa"
http://www.locksmithscarborough.ca/,"Locksmith Scarborough (RESERVE +ASD)","2701 Warden Ave, Scarborough, ON M1W 2G8 ","dsa"
,"Asd Advanced Software","15 Allstate Pky, Markham, ON L3R 5B4 ","dsa"
,"ASD Security Inc","54 Levendale Rd, Richmond Hill, ON L4C 4H2 ","dsa"
,"ASD Towing","ON","dsa"
